User Name,USUARIO SINTETICO
Company Name,EMPRESA SINTETICA
Company ID,EMPRESA_TESTE
Date/Time of Generation,1 Dec 2023
Date Range,1 Nov 2023 - 30 Nov 2023
TYPE,ACTION,ORDER ID,ORDER STATUS,CREDITS (+/-),E-PAYMENT (+/-),CASH (+/-),STATEMENT TRANSACTIONS,FINAL AMOUNT,USER,USER ID,PICKUP DATE,CREATED,COMPLETED TIME,SERVICE TYPE,ORDER CITY,ORDER PATH,ADDRESSES,DISTANCE (KM),NUMBER OF STOPS,SPECIAL REQUEST ITEM,ORDER REMARK,ORDER CONTACT,DRIVER ID,DELIVERY FEE,STARTING PRICE,EXTRA MILEAGE PRICE,SPECIAL REQUEST,LARGE PACKAGE FEE,PREMIUM FEE,COUPON AMOUNT,PRIORITY FEE,SURCHARGE FEE,SURCHARGE DISCOUNT,SAVER DISCOUNT,CS SUBSIDY,ADD ON FEE,MULTISTOP SURCHARGE,VEHICLE SPECIFICATION,CS ADJUSTMENT,REFUND DATE,REFUND,CANCELLATION FEE,CANCELLATION FEE REFUND
ORDER,,LALA_SINTETICO_1001,COMPLETED,-12.5,,,,,,,,,,,,,,2.5,,,plataforma de delivery #1001,,,12.5,8,1,,,,,0.5,0.5,,,,,,,,,,,
ORDER,,LALA_SINTETICO_1002,COMPLETED,-10,,,,,,,,,,,,,,2.5,,,plataforma de delivery #1002,,,10,8,1,,,,,0.5,0.5,,,,,,,,,,,
ORDER,,LALA_SINTETICO_1002,COMPLETED,-10,,,,,,,,,,,,,,2.5,,,plataforma de delivery #1002,,,10,8,1,,,,,0.5,0.5,,,,,,,,,,,
ORDER,,LALA_SINTETICO_9001,COMPLETED,-10,,,,,,,,,,,,,,2.5,,,plataforma de delivery #9001,,,10,8,1,,,,,0.5,0.5,,,,,,,,,,,
ORDER,,LALA_SINTETICO_1003,COMPLETED,-10,,,,,,,,,,,,,,2.5,,,Pedido sintético sem marcador,,,10,8,1,,,,,0.5,0.5,,,,,,,,,,,
ORDER,,LALA_SINTETICO_1004,CANCELLED,-10,,,,,,,,,,,,,,2.5,,,plataforma de delivery #1004,,,10,8,1,,,,,0.5,0.5,,,,,,,,,,,
ADJUSTMENT,,LALA_SINTETICO_1005,COMPLETED,-10,,,,,,,,,,,,,,2.5,,,plataforma de delivery #1005,,,10,8,1,,,,,0.5,0.5,,,,,,,,,,,
ORDER,,LALA_SINTETICO_1006,COMPLETED,-10,,,,,,,,,,,,,,2.5,,,plataforma de delivery #1006,,,10,8,1,,,,,0.5,0.5,,,,,,,,,,,
